drop database if exists report;
create database report;
use report;
show tables
create table customer_data
(
customer_id int,
name varchar(255),
email varchar(255),
signup_date date,
region varchar(255)
);

insert into customer_data
(customer_id, name , email ,signup_date, region)
values
(1, 'Norma Fisher' , 'ysullivan@yahoo.com' , '2024-06-02' , 'West' ),
(2, 'Steven Robinson' , 'donald19@archer-patel.org' , '2023-01-07' , 'West' ),
(3, 'Nicholas Nolan' , 'wcastro@yahoo.com' , '2023-09-27' , 'North' ),
(4, 'Susan Levy' , 'qgrimes@gmail.com' , '2024-09-22' , 'East' ),
(5, 'Anna Larsen' , 'vclayton@cross.com' , '2023-03-16' , 'Central' ),
(6, 'Connie Pratt' , 'udavis@bolton.com' , '2022-12-03' , 'West' ),
(7, 'Robin Fernandez' , 'zdavis@yahoo.com' , '2023-09-28' , 'West' ),
(8, 'Donna Lopez' , 'salazardiane@jones-shelton.com' , '2023-01-11' , 'East' ),
(9, 'Sarah Villanueva' , 'aimee33@hotmail.com' , '2024-11-25' , 'West' ),
(10, 'Jennifer Hill' , 'christopher91@yahoo.com' , '2024-11-20' , 'East' ),
(11, 'Sarah Sanchez' , 'thorntonnathan@gmail.com' , '2023-10-22' , 'Central' ),
(12, 'Antonio Logan' , 'montoyacynthia@guzman.com' , '2024-12-20' , 'South' ),
(13, 'Barbara Davis' , 'jacobsjames@robbins.com' , '2022-08-26' , 'Central' ),
(14, 'Allison Coleman' , 'chad14@graham-brown.info' , '2022-07-24' , 'South' ),
(15, 'Melissa Myers' , 'rebecca79@gmail.com' , '2025-05-11' , 'East' ),
(16, 'Tracy Brown' , 'matthewking@morse.biz' , '2024-10-24' , 'South' ),
(17, 'Sylvia Banks' , 'eric07@hotmail.com' , '2022-09-23' , 'North' ),
(18, 'Angel Campbell' , 'sbell@howard.org' , '2022-12-15' , 'Central' ),
(19, 'Jasmine Perry' , 'wheelerholly@allen.info' , '2024-01-02' , 'East' ),
(20, 'Megan Baxter' , 'ksavage@barton-fletcher.com' , '2024-04-14' , 'Central' ),
(21, 'Michael Griffin' , 'hensontroy@yahoo.com' , '2024-05-18' , 'Central' ),
(22, 'Rodney Mccann' , 'amymccarty@gmail.com' , '2022-12-12' , 'South' ),
(23, 'Mrs. Meghan Stewart' , 'loveaaron@rice.com' , '2023-09-05' , 'East' ),
(24, 'William Garcia' , 'johnsonrobin@gmail.com' , '2023-06-26' , 'North' ),
(25, 'Joseph Curtis' , 'wigginsjoshua@gmail.com' , '2022-07-28' , 'North' ),
(26, 'Michael Grant' , 'mathissusan@hotmail.com' , '2025-03-07' , 'East' ),
(27, 'Mathew Ellis MD' , 'nicholascarter@hernandez.com' , '2023-12-15' , 'West' ),
(28, 'Gina Oliver' , 'frank94@foster-kelley.com' , '2022-11-18' , 'Central' ),
(29, 'David Williams' , 'turnermary@perry-garcia.info' , '2024-05-29' , 'North' ),
(30, 'Robert Burnett' , 'fwilson@johnson-rogers.com' , '2023-02-06' , 'East' ),
(31, 'Jaime Villegas' , 'mortonjames@brown.com' , '2024-01-25' , 'West' ),
(32, 'Donna Mora' , 'omiller@richards-jackson.com' , '2023-12-01' , 'East' ),
(33, 'Rodney Farrell' , 'mgoodwin@crawford.com' , '2025-02-12' , 'Central' ),
(34, 'Travis Lewis' , 'gonzaleznicholas@wilcox.info' , '2023-01-09' , 'South' ),
(35, 'Margaret Henderson' , 'martha73@hotmail.com' , '2024-12-26' , 'Central' ),
(36, 'Alexandra Thornton' , 'austin24@hotmail.com' , '2023-01-21' , 'West' ),
(37, 'Lauren Robbins' , 'marshzachary@gmail.com' , '2022-09-04' , 'West' ),
(38, 'Andrew Smith' , 'michelle27@yahoo.com' , '2024-07-16' , 'Central' ),
(39, 'Joseph Johnson' , 'burgessrebecca@roberts.biz' , '2024-06-11' , 'East' ),
(40, 'Valerie Lawson' , 'sandovalaaron@turner.com' , '2023-10-22' , 'North' ),
(41, 'Scott Hahn' , 'ycruz@gmail.com' , '2023-02-02' , 'Central' ),
(42, 'Bethany Mitchell' , 'mcmahontimothy@gmail.com' , '2024-06-26' , 'North' ),
(43, 'Lindsay Miller' , 'robert97@ellis-garcia.com' , '2022-06-24' , 'North' ),
(44, 'Luis Soto' , 'james71@bishop.org' , '2025-01-30' , 'West' ),
(45, 'Marie Montes' , 'susanhughes@yahoo.com' , '2025-04-15' , 'North' ),
(46, 'Mrs. Shannon Forbes' , 'wwallace@gibson.com' , '2022-08-01' , 'Central' ),
(47, 'Amanda Scott' , 'jerryfrank@chan.com' , '2022-11-16' , 'West' ),
(48, 'Steven Henderson' , 'perrycory@navarro.info' , '2024-03-23' , 'East' ),
(49, 'Amanda Calhoun' , 'christian11@yahoo.com' , '2025-05-02' , 'South' ),
(50, 'Gregory Smith' , 'chad23@harris.com' , '2022-06-04' , 'East' ),
(51, 'Michael Cantu' , 'jacobrodriguez@zimmerman-scott.com' , '2023-04-12' , 'North' ),
(52, 'John Carter' , 'brittanymiller@hotmail.com' , '2024-11-11' , 'South' ),
(53, 'James Thomas' , 'lesliesanchez@carter.com' , '2022-12-15' , 'Central' ),
(54, 'Jennifer Park' , 'aevans@house.com' , '2022-10-02' , 'South' ),
(55, 'Mark Walsh' , 'aortiz@valenzuela.info' , '2022-10-12' , 'South' ),
(56, 'Rebecca Hill' , 'lhebert@reynolds-wright.info' , '2023-11-03' , 'South' ),
(57, 'Brenda Ford' , 'sfischer@greer.org' , '2024-05-10' , 'Central' ),
(58, 'Edwin Mack' , 'rogerpotter@gmail.com' , '2025-04-11' , 'West' ),
(59, 'Dr. Joshua Sullivan DDS' , 'nelsonelizabeth@scott.org' , '2024-01-29' , 'North' ),
(60, 'Paul Gomez' , 'johnsonlaura@ferguson-wilson.com' , '2023-02-02' , 'North' ),
(61, 'Scott Campbell' , 'amandajenkins@stephens.com' , '2023-08-21' , 'East' ),
(62, 'Keith Taylor' , 'jamesbrittany@castro.com' , '2025-01-29' , 'Central' ),
(63, 'Jason Woods' , 'dpearson@yahoo.com' , '2023-09-02' , 'West' ),
(64, 'Jon Clay' , 'kellypeter@mathis.com' , '2025-04-24' , 'North' ),
(65, 'Tammy Foster' , 'wilsonadam@yahoo.com' , '2025-02-11' , 'East' ),
(66, 'Monica Perez' , 'danielmurray@yahoo.com' , '2024-01-10' , 'Central' ),
(67, 'Javier Prince' , 'sethfletcher@hotmail.com' , '2023-09-27' , 'East' ),
(68, 'Thomas Wallace' , 'yroman@hotmail.com' , '2023-05-01' , 'North' ),
(69, 'Jessica Harris' , 'ojohnson@pitts.com' , '2025-02-08' , 'Central' ),
(70, 'Crystal Evans' , 'kelsey56@brown-terry.net' , '2024-03-22' , 'East' ),
(71, 'Katherine Padilla' , 'joseph00@bailey.com' , '2022-12-28' , 'Central' ),
(72, 'Jeffrey Walker' , 'shawnmorgan@gmail.com' , '2024-12-20' , 'South' ),
(73, 'Rebecca Morris' , 'jonathan80@gmail.com' , '2023-12-17' , 'Central' ),
(74, 'Sergio Reed' , 'emily44@heath.com' , '2022-08-01' , 'Central' ),
(75, 'Juan Smith' , 'zwilliams@yahoo.com' , '2024-06-28' , 'Central' ),
(76, 'Bruce Miller' , 'robertcalhoun@salazar-meyers.net' , '2024-01-26' , 'East' ),
(77, 'Christopher Burns' , 'sarah56@hawkins.org' , '2024-09-10' , 'West' ),
(78, 'Michelle Waters' , 'joseph01@hotmail.com' , '2022-10-24' , 'North' ),
(79, 'Jason Robinson' , 'htrevino@brewer-wilson.org' , '2023-12-02' , 'Central' ),
(80, 'Mitchell Payne' , 'jodivalenzuela@gmail.com' , '2024-08-05' , 'West' ),
(81, 'Garrett Brooks' , 'brandi20@hotmail.com' , '2024-07-16' , 'East' ),
(82, 'Kevin Johnson' , 'lmoore@esparza.info' , '2024-10-24' , 'Central' ),
(83, 'Tracy Young' , 'kathleengomez@anderson.org' , '2022-07-03' , 'South' ),
(84, 'Heather Bryant' , 'angelamartin@lamb-mclaughlin.net' , '2023-09-23' , 'East' ),
(85, 'Angela Taylor' , 'lorrainefloyd@yahoo.com' , '2022-08-23' , 'South' ),
(86, 'Ethan Burgess' , 'michelle34@powers-torres.com' , '2024-10-31' , 'South' ),
(87, 'Morgan Hernandez' , 'bburton@williams.com' , '2022-09-04' , 'South' ),
(88, 'Haley Beck' , 'shanethomas@thompson-murphy.biz' , '2024-01-08' , 'North' ),
(89, 'Steven Ferguson' , 'cunninghamdavid@yahoo.com' , '2023-02-14' , 'Central' ),
(90, 'Charles Melton' , 'riveramary@wright.com' , '2025-04-20' , 'East' ),
(91, 'Michelle Simmons' , 'nmckinney@williams.biz' , '2022-07-05' , 'West' ),
(92, 'Stacy Crawford' , 'emily73@hotmail.com' , '2023-11-27' , 'North' ),
(93, 'Paul Morgan' , 'hsmith@yahoo.com' , '2024-09-25' , 'North' ),
(94, 'Andrew Schmidt' , 'bryantjennifer@yahoo.com' , '2023-11-13' , 'South' ),
(95, 'Alex Singh Jr.' , 'kathrynblack@yahoo.com' , '2023-06-17' , 'South' ),
(96, 'Keith Rivera' , 'francisco25@wilkins.com' , '2023-11-10' , 'North' ),
(97, 'Mario Morris' , 'aarcher@gmail.com' , '2024-10-23' , 'North' ),
(98, 'Calvin Noble' , 'julie31@hotmail.com' , '2024-03-12' , 'Central' ),
(99, 'Ronald Moreno' , 'bethanydavid@hogan.com' , '2023-09-19' , 'West' ),
(100, 'Jeffrey Ewing' , 'amanda85@yahoo.com' , '2023-03-15' , 'Central' );
select *from customer_data;
select *from customer_data
where region ='west'; -- here i have faced a problem i gave ths query many times but didn't work because before and after of 'West' i didn't gave white space.
select region,count(region) count
from customer_data
group by region
order by count desc;

create table orders
(
 customer_id int,
 order_id int,
 order_date date 
);
insert into orders
(customer_id ,order_id ,order_date)
values
(29,1987287, '2025-03-30' ),
(27,1348584, '2025-12-05' ),
(26,1138620, '2025-12-17' ),
(65,1456782, '2024-06-10' ),
(97,1769977, '2023-05-22' ),
(84,1781006, '2023-03-29' ),
(9,1089834, '2023-08-25' ),
(92,1761876, '2023-06-27' ),
(11,1881933, '2025-08-15' ),
(33,1566958, '2024-12-24' ),
(39,1844794, '2023-11-03' ),
(12,1773336, '2025-09-23' ),
(74,1979579, '2024-06-26' ),
(21,1507970, '2025-05-23' ),
(22,1511495, '2024-09-03' ),
(45,1076751, '2025-03-28' ),
(19,1452332, '2023-08-28' ),
(4,1146861, '2024-05-12' ),
(85,1898424, '2024-12-15' ),
(70,1031957, '2023-11-17' ),
(57,1737893, '2024-11-05' ),
(14,1509154, '2025-05-13' ),
(11,1229324, '2024-03-17' ),
(27,1116132, '2023-05-17' ),
(64,1053838, '2023-08-30' ),
(100,1727811, '2023-04-02' ),
(94,1161601, '2025-11-12' ),
(88,1159568, '2025-04-11' ),
(33,1488900, '2025-04-07' ),
(27,1867476, '2023-10-25' ),
(32,1176011, '2023-03-27' ),
(57,1713006, '2025-04-15' ),
(71,1843948, '2024-03-15' ),
(44,1012499, '2025-04-03' ),
(1,1028429, '2025-09-22' ),
(94,1358397, '2024-09-30' ),
(70,1835729, '2023-06-18' ),
(64,1880799, '2023-08-26' ),
(47,1843765, '2023-02-06' ),
(96,1191365, '2024-11-20' ),
(15,1711083, '2025-05-15' ),
(30,1808957, '2025-07-06' ),
(29,1050228, '2024-07-01' ),
(44,1158411, '2023-06-11' ),
(16,1426031, '2024-11-14' ),
(51,1648279, '2023-12-03' ),
(80,1892201, '2025-01-16' ),
(31,1612625, '2023-10-31' ),
(61,1189889, '2023-07-08' ),
(13,1504538, '2025-01-28' ),
(89,1078655, '2024-09-05' ),
(81,1202071, '2025-10-21' ),
(30,1574696, '2024-10-13' ),
(67,1256070, '2024-11-12' ),
(92,1796676, '2025-05-01' ),
(86,1092933, '2024-10-21' ),
(91,1983413, '2023-04-05' ),
(19,1463734, '2024-04-20' ),
(66,1981821, '2024-12-16' ),
(79,1938711, '2024-01-21' ),
(28,1906566, '2025-12-16' ),
(99,1435601, '2023-11-02' ),
(71,1686199, '2025-03-10' ),
(16,1749232, '2024-03-17' ),
(58,1740723, '2025-01-19' ),
(23,1586347, '2024-12-26' ),
(73,1996525, '2024-07-18' ),
(80,1278294, '2023-11-08' ),
(69,1221446, '2023-05-17' ),
(18,1911126, '2023-02-18' ),
(66,1878498, '2024-08-07' ),
(29,1223917, '2025-03-05' ),
(46,1453686, '2023-02-09' ),
(55,1599178, '2025-07-28' ),
(20,1558325, '2024-12-29' ),
(95,1683720, '2025-03-13' ),
(27,1363931, '2024-04-14' ),
(52,1358352, '2023-11-15' ),
(57,1967856, '2023-01-09' ),
(29,1456632, '2025-11-17' ),
(57,1077485, '2023-11-05' ),
(20,1026067, '2025-07-30' ),
(7,1759946, '2024-08-14' ),
(79,1691935, '2024-05-24' ),
(88,1895327, '2024-05-01' ),
(45,1692090, '2024-09-21' ),
(79,1950229, '2025-05-01' ),
(45,1110764, '2023-02-13' ),
(45,1355113, '2023-12-19' ),
(43,1379696, '2024-12-31' ),
(6,1389534, '2023-09-07' ),
(56,1035946, '2024-11-11' ),
(81,1287853, '2025-07-28' ),
(42,1369937, '2023-02-10' ),
(12,1785937, '2024-07-22' ),
(52,1954017, '2024-01-02' ),
(2,1461502, '2023-03-14' ),
(13,1554716, '2023-10-17' ),
(1,1823695, '2025-12-25' ),
(18,1982916, '2024-09-21' ),
(47,1274322, '2023-05-09' ),
(55,1191206, '2024-01-15' ),
(6,1622306, '2025-12-13' ),
(89,1996986, '2023-06-21' ),
(73,1573614, '2024-12-16' ),
(20,1087155, '2024-08-09' ),
(45,1089542, '2023-05-26' ),
(67,1294183, '2025-05-25' ),
(51,1934184, '2024-03-21' ),
(34,1304758, '2024-07-27' ),
(29,1579082, '2024-12-19' ),
(66,1991402, '2025-05-13' ),
(47,1299495, '2024-10-26' ),
(27,1679881, '2025-06-22' ),
(24,1248213, '2025-01-22' ),
(88,1877133, '2024-06-06' ),
(45,1061762, '2025-01-08' ),
(8,1891708, '2023-02-14' ),
(62,1236122, '2023-10-26' ),
(38,1644261, '2023-06-05' ),
(70,1387984, '2024-06-22' ),
(98,1912940, '2024-02-04' ),
(94,1727742, '2025-06-23' ),
(27,1699426, '2024-08-21' ),
(27,1918715, '2024-05-20' ),
(76,1532002, '2023-03-16' ),
(65,1405238, '2025-09-23' ),
(98,1286930, '2025-06-29' ),
(59,1639808, '2023-05-19' ),
(4,1383421, '2025-05-17' ),
(15,1036590, '2024-05-16' ),
(54,1033265, '2024-03-28' ),
(18,1857080, '2025-07-22' ),
(14,1652570, '2024-03-25' ),
(52,1590394, '2023-09-22' ),
(46,1208098, '2023-06-06' ),
(90,1976588, '2025-01-17' ),
(7,1524259, '2025-02-19' ),
(37,1599904, '2023-09-23' ),
(70,1573245, '2025-08-21' ),
(27,1559881, '2025-11-05' ),
(91,1493500, '2023-05-11' ),
(19,1542166, '2023-07-30' ),
(31,1305411, '2023-12-27' ),
(27,1933075, '2025-11-28' ),
(90,1329927, '2023-05-18' ),
(66,1990473, '2024-01-28' ),
(74,1531861, '2024-05-07' ),
(85,1746077, '2024-08-14' ),
(93,1322164, '2025-11-20' ),
(96,1182279, '2025-09-30' ),
(39,1831279, '2025-11-19' ),
(64,1074332, '2024-09-18' ),
(16,1786237, '2025-03-23' ),
(60,1891200, '2024-06-09' ),
(18,1005996, '2024-05-15' ),
(25,1753098, '2025-09-03' ),
(86,1842662, '2025-11-21' ),
(29,1018868, '2024-05-02' ),
(44,1809115, '2023-09-21' ),
(25,1184013, '2024-02-26' ),
(91,1205549, '2024-08-18' ),
(46,1968843, '2023-02-22' ),
(47,1688883, '2024-03-31' ),
(36,1115021, '2023-06-02' ),
(40,1138791, '2024-04-07' ),
(97,1977247, '2023-04-17' ),
(73,1040743, '2023-10-23' ),
(59,1977188, '2025-06-10' ),
(8,1954995, '2025-04-07' ),
(3,1129109, '2023-01-05' ),
(22,1865402, '2023-08-10' ),
(17,1202636, '2025-06-07' ),
(16,1878625, '2023-08-17' ),
(46,1135334, '2025-11-24' ),
(7,1304765, '2025-08-16' ),
(36,1304092, '2024-04-30' ),
(3,1713262, '2023-04-24' ),
(24,1952774, '2024-06-18' ),
(82,1828254, '2023-03-14' ),
(94,1839593, '2024-03-03' ),
(1,1126211, '2024-08-03' ),
(80,1767118, '2024-11-19' ),
(76,1661611, '2025-10-11' ),
(74,1821905, '2024-08-18' ),
(17,1399244, '2025-08-20' ),
(38,1107303, '2025-02-06' ),
(15,1552139, '2025-04-24' ),
(67,1145856, '2025-07-12' ),
(20,1950613, '2023-11-23' ),
(48,1441300, '2024-01-19' ),
(82,1822993, '2023-03-23' ),
(43,1495498, '2025-04-24' ),
(55,1724738, '2024-02-25' ),
(63,1541063, '2024-06-21' ),
(75,1197992, '2023-05-16' ),
(31,1299419, '2023-08-04' ),
(97,1184029, '2024-12-26' ),
(84,1651106, '2025-07-04' );
select *from orders
select customer_id,order_id,order_date
from orders
where customer_id=29
and
order_date='2025-03-30'

create table items
(
order_item_id int,
order_id int,
product_id varchar(255),
quantity int,
unit_price int,
Total_price int
)
select *from items
insert into items
(order_item_id,order_id ,product_id,quantity,unit_price,Total_price)
values
(1085593,1987287, 'PO269',3,667,2001),
(1010926,1348584, 'PO278',5,727,3635),
(1049725,1138620, 'PO175',5,273,1365),
(1088076,1456782, 'PO280',3,621,1863),
(1084604,1769977, 'PO137',5,27431,137155),
(1011926,1781006, 'PO225',4,720,2880),
(1029438,1089834, 'PO226',2,610,1220),
(1012055,1761876, 'PO283',5,553,2765),
(1084583,1881933, 'PO216',1,304,304),
(1051188,1566958, 'PO219',1,292,292),
(1040394,1844794, 'PO260',3,618,1854),
(1023213,1773336, 'PO203',2,376,752),
(1079964,1979579, 'PO153',2,23282,46564),
(1064601,1507970, 'PO259',4,695,2780),
(1030546,1511495, 'PO225',3,720,2160),
(1032862,1076751, 'PO154',2,9348,18696),
(1006514,1452332, 'PO288',4,611,2444),
(1069232,1146861, 'PO224',4,606,2424),
(1035771,1898424, 'PO244',2,575,1150),
(1050493,1031957, 'PO216',2,304,608),
(1087863,1737893, 'PO171',4,14170,56680),
(1015105,1509154, 'PO124',4,31337,125348),
(1016746,1229324, 'PO147',2,31388,62776),
(1023918,1116132, 'PO295',1,481,481),
(1001183,1053838, 'PO263',1,521,521),
(1007731,1727811, 'PO251',2,360,720),
(1037118,1161601, 'PO273',4,722,2888),
(1096984,1159568, 'PO291',5,626,3130),
(1004530,1488900, 'PO218',1,213,213),
(1066276,1867476, 'PO255',5,379,1895),
(1023522,1176011, 'PO214',3,274,822),
(1006530,1713006, 'PO216',4,304,1216),
(1098485,1843948, 'PO188',1,307,307),
(1052228,1012499, 'PO250',4,689,2756),
(1053379,1028429, 'PO170',1,20818,20818),
(1042335,1358397, 'PO130',2,8431,16862),
(1020493,1835729, 'PO140',3,14627,43881),
(1010473,1880799, 'PO248',2,404,808),
(1062769,1843765, 'PO145',2,15251,30502),
(1088779,1191365, 'PO211',5,225,1125),
(1025639,1711083, 'PO300',4,327,1308),
(1025827,1808957, 'PO260',4,618,2472),
(1067948,1050228, 'PO177',1,141,141),
(1030131,1158411, 'PO245',2,659,1318),
(1056142,1426031, 'PO191',4,144,576),
(1079632,1648279, 'PO143',1,21117,21117),
(1027601,1892201, 'PO223',1,383,383),
(1011593,1612625, 'PO262',2,794,1588),
(1024017,1189889, 'PO191',2,144,288),
(1092736,1504538, 'PO282',5,752,3760),
(1062019,1078655, 'PO296',5,516,2580),
(1034801,1202071, 'PO169',3,8080,24240),
(1031995,1574696, 'PO140',5,14627,73135),
(1097699,1256070, 'PO282',3,752,2256),
(1053101,1796676, 'PO151',1,3975,3975),
(1051146,1092933, 'PO212',5,262,1310),
(1093380,1983413, 'PO162',2,8120,16240),
(1041848,1463734, 'PO240',5,738,3690),
(1096408,1981821, 'PO132',5,39123,195615),
(1084493,1938711, 'PO228',1,376,376),
(1083814,1906566, 'PO145',1,15251,15251),
(1084161,1435601, 'PO141',1,6345,6345),
(1077476,1686199, 'PO237',2,371,742),
(1097518,1749232, 'PO269',2,667,1334),
(1056130,1740723, 'PO143',3,21117,63351),
(1016322,1586347, 'PO187',5,126,630),
(1041179,1996525, 'PO161',3,26232,78696),
(1004374,1278294, 'PO212',4,262,1048),
(1063720,1221446, 'PO183',3,176,528),
(1089685,1911126, 'PO135',4,12437,49748),
(1009617,1878498, 'PO286',5,797,3985),
(1039574,1223917, 'PO238',1,671,671),
(1072552,1453686, 'PO211',2,225,450),
(1084222,1599178, 'PO203',2,376,752),
(1033867,1558325, 'PO280',1,621,621),
(1052622,1683720, 'PO226',1,610,610),
(1004150,1363931, 'PO128',4,23204,92816),
(1074841,1358352, 'PO228',4,376,1504),
(1010867,1967856, 'PO258',5,707,3535),
(1028369,1456632, 'PO203',4,376,1504),
(1011220,1077485, 'PO225',4,720,2880),
(1081753,1026067, 'PO227',3,738,2214),
(1073356,1759946, 'PO157',1,10875,10875),
(1082125,1691935, 'PO230',3,320,960),
(1059241,1895327, 'PO126',5,37868,189340),
(1057178,1692090, 'PO224',2,606,1212),
(1058274,1950229, 'PO244',2,575,1150),
(1075112,1110764, 'PO258',1,707,707),
(1026205,1355113, 'PO215',4,362,1448),
(1051522,1379696, 'PO231',1,400,400),
(1066968,1389534, 'PO181',1,150,150),
(1062118,1035946, 'PO188',3,307,921),
(1041323,1287853, 'PO287',3,608,1824),
(1042637,1369937, 'PO179',5,212,1060),
(1021706,1785937, 'PO129',3,21054,63162),
(1093460,1954017, 'PO212',2,262,524),
(1060180,1461502, 'PO148',4,2696,10784),
(1096116,1554716, 'PO240',4,738,2952),
(1007031,1823695, 'PO145',2,15251,30502),
(1033253,1982916, 'PO199',2,111,222),
(1060431,1274322, 'PO200',2,286,572),
(1046176,1191206, 'PO300',5,327,1635),
(1013296,1622306, 'PO178',4,231,924),
(1043495,1996986, 'PO235',3,593,1779),
(1071973,1573614, 'PO185',5,239,1195),
(1067952,1087155, 'PO181',4,150,600),
(1039149,1089542, 'PO286',2,797,1594),
(1031937,1294183, 'PO225',5,720,3600),
(1063592,1934184, 'PO285',3,317,951),
(1029559,1304758, 'PO190',4,228,912),
(1088548,1579082, 'PO302',4,465,1860),
(1049237,1991402, 'PO203',2,376,752),
(1043374,1299495, 'PO188',1,307,307),
(1068321,1679881, 'PO178',5,231,1155),
(1099903,1248213, 'PO153',4,23282,93128),
(1038620,1877133, 'PO146',5,35642,178210),
(1059889,1061762, 'PO136',5,7530,37650),
(1048262,1891708, 'PO131',5,28842,144210),
(1065097,1236122, 'PO261',4,554,2216),
(1002698,1644261, 'PO196',2,122,244),
(1075851,1387984, 'PO199',5,111,555),
(1008835,1912940, 'PO255',4,379,1516),
(1081670,1727742, 'PO265',5,450,2250),
(1097896,1699426, 'PO296',1,516,516),
(1098862,1918715, 'PO204',4,268,1072),
(1025292,1532002, 'PO138',3,28666,85998),
(1099200,1405238, 'PO213',4,117,468),
(1073870,1286930, 'PO218',1,213,213),
(1014695,1639808, 'PO187',2,126,252),
(1002324,1383421, 'PO256',3,572,1716),
(1053930,1036590, 'PO268',2,373,746),
(1053863,1033265, 'PO135',5,12437,62185),
(1047017,1857080, 'PO293',4,445,1780),
(1090254,1652570, 'PO263',3,521,1563),
(1011154,1590394, 'PO222',2,317,634),
(1093205,1208098, 'PO144',2,7057,14114),
(1028204,1976588, 'PO265',2,450,900),
(1096050,1524259, 'PO131',1,28842,28842),
(1049499,1599904, 'PO287',3,608,1824),
(1098266,1573245, 'PO285',3,317,951),
(1090606,1559881, 'PO163',5,29371,146855),
(1065948,1493500, 'PO194',1,334,334),
(1033987,1542166, 'PO125',2,23605,47210),
(1035706,1305411, 'PO175',5,273,1365),
(1071839,1933075, 'PO179',4,212,848),
(1033431,1329927, 'PO230',5,320,1600),
(1062511,1990473, 'PO123',3,2211,6633),
(1071528,1531861, 'PO259',5,695,3475),
(1021604,1746077, 'PO162',3,8120,24360),
(1072374,1322164, 'PO296',1,516,516),
(1020270,1182279, 'PO303',2,437,874),
(1051600,1831279, 'PO287',1,608,608),
(1009388,1074332, 'PO130',1,8431,8431),
(1082826,1786237, 'PO292',5,408,2040),
(1062899,1891200, 'PO145',5,15251,76255),
(1064046,1005996, 'PO293',5,445,2225),
(1098930,1753098, 'PO226',1,610,610),
(1058555,1842662, 'PO214',4,274,1096),
(1015236,1018868, 'PO209',4,194,776),
(1045160,1809115, 'PO169',5,8080,40400),
(1075768,1184013, 'PO215',5,362,1810),
(1049013,1205549, 'PO125',2,23605,47210),
(1057646,1968843, 'PO271',3,405,1215),
(1071142,1688883, 'PO151',1,3975,3975),
(1084009,1115021, 'PO156',1,3267,3267),
(1062492,1138791, 'PO247',3,316,948),
(1039871,1977247, 'PO204',2,268,536),
(1035655,1040743, 'PO125',1,23605,23605),
(1078227,1977188, 'PO254',5,767,3835),
(1060185,1954995, 'PO211',2,225,450),
(1025744,1129109, 'PO295',3,481,1443),
(1000294,1865402, 'PO298',1,415,415),
(1096166,1202636, 'PO152',4,17483,69932),
(1022743,1878625, 'PO301',2,370,740),
(1072398,1135334, 'PO249',1,689,689),
(1038849,1304765, 'PO294',1,795,795),
(1005688,1304092, 'PO267',1,392,392),
(1023638,1713262, 'PO206',1,188,188),
(1021973,1952774, 'PO247',1,316,316),
(1055462,1828254, 'PO233',4,305,1220),
(1023714,1839593, 'PO260',5,618,3090),
(1013368,1126211, 'PO219',3,292,876),
(1090122,1767118, 'PO128',4,23204,92816),
(1084007,1661611, 'PO203',4,376,1504),
(1079106,1821905, 'PO260',2,618,1236),
(1006446,1399244, 'PO297',2,372,744),
(1097415,1107303, 'PO182',1,152,152),
(1048930,1552139, 'PO244',1,575,575),
(1065951,1145856, 'PO142',4,18201,72804),
(1029916,1950613, 'PO193',1,288,288),
(1075669,1441300, 'PO233',5,305,1525),
(1039050,1822993, 'PO262',3,794,2382),
(1093315,1495498, 'PO197',2,149,298),
(1048147,1724738, 'PO173',5,295,1475),
(1010893,1541063, 'PO300',4,327,1308),
(1023112,1197992, 'PO227',4,738,2952),
(1092920,1299419, 'PO197',5,149,745),
(1055075,1184029, 'PO177',5,141,705),
(1021686,1651106, 'PO220',4,160,640)
select *from items
select order_item_id,total_price
from items
where total_price>100000
order by total_price desc
limit 3

select *from customer_data
select *from orders
select*from items


/*select 
a.customer_id,
a.name,
count(distinct b.order_id)order_count,
max(b.order_date) last_order,
min(b.order_date) first_order
from
(select customer_id, name from customer_data)a
inner join 
(select customer_id, order_id,order_date from orders)b
on a.customer_id=b.customer_id
group by a.customer_id,a.name*/

select 
a1.customer_id,
a1.name,
min(a1.order_date)First_order,
max(a1.order_date)last_order,
count(distinct a1.order_id) order_count,
sum(b1.Total_price) Total_amount
from
(select 
a.customer_id,
a.name,
b.order_id,
b.order_date
from
(select customer_id, name from customer_data)a
inner join 
(select customer_id, order_id,order_date from orders)b
on a.customer_id=b.customer_id)a1
inner join
(select order_id,Total_price from items)b1
on a1.order_id=b1.order_id
group by a1.customer_id,a1.name
-- having order_count>6
select
a1.customer_id,
a1.name,
count(distinct a1.order_id) order_count,
min(a1.order_date) First_order,
max(a1.order_date) last_order,
sum(b1.Total_price) total_spent
from
(select 
a.customer_id,
a.name,
b.order_id,
b.order_date
from
(select customer_id, name from customer_data)a
inner join
(select customer_id,order_id,order_date from orders)b
on a.customer_id=b.customer_id)a1
inner join
(select order_id,total_price from items)b1
on a1.order_id=b1.order_id
group by a1.customer_id,a1.name -- amar prosno holo ami ekahne shudu customer_id dara agregate korle ki somossha silo?


create table product_data
(
product_id varchar(255),
product_name varchar(255),
category varchar(255),
price int,
Stok int
);
insert into product_data
(product_id,product_name,category,price,Stok)
values
( 'PO123' , 'LED Television' , 'EL ' ,2211,38),
( 'PO124' , 'Smart TV' , 'EL ' ,31337,45),
( 'PO125' , 'Home Theater System' , 'EL ' ,23605,37),
( 'PO126' , 'Soundbar' , 'EL ' ,37868,41),
( 'PO127' , 'Portable Radio' , 'EL ' ,5456,26),
( 'PO128' , 'Wireless Earbuds' , 'EL ' ,23204,17),
( 'PO129' , 'Headphones' , 'EL ' ,21054,41),
( 'PO130' , 'Smartwatch' , 'EL ' ,8431,44),
( 'PO131' , 'Android TV Box' , 'EL ' ,28842,21),
( 'PO132' , 'Bluetooth Speaker' , 'EL ' ,39123,19),
( 'PO133' , 'Electric Kettle' , 'EL ' ,28728,25),
( 'PO134' , 'Rice Cooker' , 'EL ' ,39503,23),
( 'PO135' , 'Blender' , 'EL ' ,12437,41),
( 'PO136' , 'Electric Iron' , 'EL ' ,7530,16),
( 'PO137' , 'Induction Cooker' , 'EL ' ,27431,45),
( 'PO138' , 'Air Conditioner' , 'EL ' ,28666,14),
( 'PO139' , 'Refrigerator' , 'EL ' ,38445,31),
( 'PO140' , 'Washing Machine' , 'EL ' ,14627,41),
( 'PO141' , 'Water Purifier (Electric)' , 'EL ' ,6345,15),
( 'PO142' , 'Microwave Oven' , 'EL ' ,18201,14),
( 'PO143' , 'Laptop' , 'EL ' ,21117,30),
( 'PO144' , 'Desktop Computer' , 'EL ' ,7057,40),
( 'PO145' , 'Tablet' , 'EL ' ,15251,15),
( 'PO146' , 'Smartphone' , 'EL ' ,35642,18),
( 'PO147' , 'Printer' , 'EL ' ,31388,10),
( 'PO148' , 'Scanner' , 'EL ' ,2696,11),
( 'PO149' , 'Webcam' , 'EL ' ,37478,31),
( 'PO150' , 'Wireless Mouse' , 'EL ' ,15997,23),
( 'PO151' , 'Power Bank' , 'EL ' ,3975,21),
( 'PO152' , 'USB Flash Drive' , 'EL ' ,17483,25),
( 'PO153' , 'LED Light Bulb' , 'EL ' ,23282,31),
( 'PO154' , 'Tube Light' , 'EL ' ,9348,38),
( 'PO155' , 'Ceiling Fan (Electronic)' , 'EL ' ,20761,19),
( 'PO156' , 'Exhaust Fan' , 'EL ' ,3267,17),
( 'PO157' , 'Emergency Light' , 'EL ' ,10875,11),
( 'PO158' , 'Electric Switchboard' , 'EL ' ,5208,40),
( 'PO159' , 'Remote Control' , 'EL ' ,30345,22),
( 'PO160' , 'Smart Plug' , 'EL ' ,38794,32),
( 'PO161' , 'Solar Light' , 'EL ' ,26232,20),
( 'PO162' , 'Voltage Stabilizer' , 'EL ' ,8120,42),
( 'PO163' , 'Battery Charger' , 'EL ' ,29371,27),
( 'PO164' , 'Inverter' , 'EL ' ,20785,44),
( 'PO165' , 'UPS (Uninterruptible Power Supply)' , 'EL ' ,4066,31),
( 'PO166' , 'Solar Panel Controller' , 'EL ' ,8026,13),
( 'PO167' , 'Extension Cord' , 'EL ' ,18984,13),
( 'PO168' , 'Electric Socket' , 'EL ' ,29044,33),
( 'PO169' , 'Electric Circuit Breaker' , 'EL ' ,8080,17),
( 'PO170' , 'WiFi Router' , 'EL ' ,20818,33),
( 'PO171' , 'HDMI Cable' , 'EL ' ,14170,38),
( 'PO172' , 'Surge Protector' , 'EL ' ,35636,11),
( 'PO173' , 'Maggi Noodles' , 'FMCG' ,295,43),
( 'PO174' , 'Horlicks' , 'FMCG' ,294,40),
( 'PO175' , 'Lifebuoy Soap' , 'FMCG' ,273,45),
( 'PO176' , 'Colgate Toothpaste' , 'FMCG' ,289,37),
( 'PO177' , 'Knorr Soup' , 'FMCG' ,141,31),
( 'PO178' , 'Vim Dishwashing Liquid' , 'FMCG' ,231,15),
( 'PO179' , 'Coca-Cola' , 'FMCG' ,212,17),
( 'PO180' , 'Pepsi' , 'FMCG' ,388,20),
( 'PO181' , 'Pran Juice' , 'FMCG' ,150,23),
( 'PO182' , 'Radhuni Masala' , 'FMCG' ,152,36),
( 'PO183' , 'Mr. Noodles' , 'FMCG' ,176,24),
( 'PO184' , 'Parachute Coconut Oil' , 'FMCG' ,177,41),
( 'PO185' , 'Dove Shampoo' , 'FMCG' ,239,11),
( 'PO186' , 'Sunsilk Shampoo' , 'FMCG' ,399,16),
( 'PO187' , 'Lux Soap' , 'FMCG' ,126,29),
( 'PO188' , 'Closeup Toothpaste' , 'FMCG' ,307,13),
( 'PO189' , 'Dettol Antiseptic' , 'FMCG' ,353,10),
( 'PO190' , 'Surf Excel' , 'FMCG' ,228,32),
( 'PO191' , 'Wheel Washing Powder' , 'FMCG' ,144,40),
( 'PO192' , 'ACI Pure Salt' , 'FMCG' ,381,42),
( 'PO193' , 'Fresh Milk Powder' , 'FMCG' ,288,39),
( 'PO194' , 'Danish Condensed Milk' , 'FMCG' ,334,12),
( 'PO195' , 'Teer Soybean Oil' , 'FMCG' ,378,36),
( 'PO196' , 'ACI Aerosol' , 'FMCG' ,122,22),
( 'PO197' , 'Harpic Toilet Cleaner' , 'FMCG' ,149,17),
( 'PO198' , 'Red Bull' , 'FMCG' ,197,24),
( 'PO199' , 'Frutika Juice' , 'FMCG' ,111,41),
( 'PO200' , 'Mojo' , 'FMCG' ,286,18),
( 'PO201' , 'Speed Energy Drink' , 'FMCG' ,348,33),
( 'PO202' , 'Hit Mosquito Spray' , 'FMCG' ,262,30),
( 'PO203' , 'Vaseline Petroleum Jelly' , 'FMCG' ,376,10),
( 'PO204' , 'Pepsodent Toothpaste' , 'FMCG' ,268,41),
( 'PO205' , 'Nivea Cream' , 'FMCG' ,287,23),
( 'PO206' , 'Lizol Floor Cleaner' , 'FMCG' ,188,17),
( 'PO207' , 'Bashundhara Tissue' , 'FMCG' ,187,34),
( 'PO208' , 'Ruchi Chips' , 'FMCG' ,365,23),
( 'PO209' , 'Bombay Sweets' , 'FMCG' ,194,25),
( 'PO210' , 'Ahmed Pickle' , 'FMCG' ,356,33),
( 'PO211' , 'Tang' , 'FMCG' ,225,30),
( 'PO212' , 'Appy Fizz' , 'FMCG' ,262,35),
( 'PO213' , 'RC Cola' , 'FMCG' ,117,22),
( 'PO214' , 'Pran Tomato Ketchup' , 'FMCG' ,274,45),
( 'PO215' , 'Fresh Atta' , 'FMCG' ,362,19),
( 'PO216' , 'Teer Mustard Oil' , 'FMCG' ,304,44),
( 'PO217' , 'Glow & Lovely' , 'FMCG' ,143,26),
( 'PO218' , 'Colgate Toothbrush' , 'FMCG' ,213,21),
( 'PO219' , 'Dettol Soap' , 'FMCG' ,292,19),
( 'PO220' , 'Pran Chanachur' , 'FMCG' ,160,13),
( 'PO221' , 'ACI Mosquito Coil' , 'FMCG' ,173,45),
( 'PO222' , 'Ruchi Jelly' , 'FMCG' ,317,14),
( 'PO223' , 'Enchanting Leaf Green Lycra Elegance Gown' , 'Fashion' ,383,15),
( 'PO224' , 'Radiant White Satin-Net Ensemble Lehnga Choli Set' , 'Fashion' ,606,27),
( 'PO225' , 'Pearl Elegance Net Ensemble Saree' , 'Fashion' ,720,16),
( 'PO226' , 'Celestial Silver Sequins Fishtail Elegance Gown' , 'Fashion' ,610,40),
( 'PO227' , 'Enigmatic Bottle Green Satin Siren Long Gown' , 'Fashion' ,738,13),
( 'PO228' , 'Blush Blossom Georgette Elegance Lehenga Choli' , 'Fashion' ,376,15),
( 'PO229' , 'Blush Radiance Sequins Ensemble Lehnga Choli' , 'Fashion' ,331,35),
( 'PO230' , 'Emerald Dream Halterneck Glam Gown' , 'Fashion' ,320,35),
( 'PO231' , 'Sizzling Pink Satin Glamour Gown' , 'Fashion' ,400,31),
( 'PO232' , 'Regal Maroon Velvet Elegance Gown' , 'Fashion' ,335,31),
( 'PO233' , 'Scarlet Silk Bridal Opulence' , 'Fashion' ,305,32),
( 'PO234' , 'Majestic Maroon Zardosi Affair Lehnga Choli Set' , 'Fashion' ,542,36),
( 'PO235' , 'Celestial Cobalt Elegance Lehnga Choli Set' , 'Fashion' ,593,38),
( 'PO236' , 'Blush Pink Sequins Radiance Gown' , 'Fashion' ,696,36),
( 'PO237' , 'Peach Sequins Splendor Saree' , 'Fashion' ,371,26),
( 'PO238' , 'Blue Azure Twilight Elegance Gown' , 'Fashion' ,671,20),
( 'PO239' , 'Black Midnight Spark Sequin Stunner Gown' , 'Fashion' ,386,33),
( 'PO240' , 'Rosy Radiance One-Shoulder Elegance' , 'Fashion' ,738,23),
( 'PO241' , 'Verdant Elegance One-Shoulder Stunner' , 'Fashion' ,782,45),
( 'PO242' , 'Opulent Oyster Radiance Anarkali' , 'Fashion' ,419,14),
( 'PO243' , 'Golden Butterfly Elegance Gown' , 'Fashion' ,300,11),
( 'PO244' , 'Blush Pink Sequin Allure Gown' , 'Fashion' ,575,30),
( 'PO245' , 'Midnight Elegance Sparkle Saree' , 'Fashion' ,659,41),
( 'PO246' , 'Silver Starlight Glamour Dress' , 'Fashion' ,717,40),
( 'PO247' , 'Ethereal White Elegance Saree' , 'Fashion' ,316,45),
( 'PO248' , 'Fuchsia Bloom Zardosi Lehenga Set' , 'Fashion' ,404,12),
( 'PO249' , 'Royal Amethyst Kali Lehenga Set' , 'Fashion' ,689,33),
( 'PO250' , 'Blossom Pink Diamond Embroidered Lehenga Set' , 'Fashion' ,689,17),
( 'PO251' , 'Crimson Splendor Bridal Lehenga Ensemble' , 'Fashion' ,360,17),
( 'PO252' , 'Gilded Elegance Sequins Lehenga Set' , 'Fashion' ,408,28),
( 'PO253' , 'Scarlet Blossom Bridal Lehenga Ensemble' , 'Fashion' ,653,29),
( 'PO254' , 'Enchanting Rosewood Sequins Saree Delight' , 'Fashion' ,767,26),
( 'PO255' , 'Majestic Peacock Blue Elegance Saree' , 'Fashion' ,379,33),
( 'PO256' , 'Midnight Orchid Net Symphony Saree' , 'Fashion' ,572,42),
( 'PO257' , 'Wine Symphony Threaded Elegance Saree' , 'Fashion' ,353,38),
( 'PO258' , 'Ivory Splendor Organza Saree' , 'Fashion' ,707,28),
( 'PO259' , 'Sunshine Radiance Net Saree' , 'Fashion' ,695,40),
( 'PO260' , 'Regal Wine Gold Symphony Saree' , 'Fashion' ,618,42),
( 'PO261' , 'Ethereal White Chikankari Elegance' , 'Fashion' ,554,13),
( 'PO262' , 'Midnight Elegance Golden Sequins Saree' , 'Fashion' ,794,20),
( 'PO263' , 'Crimson Radiance Banarasi Splendor Saree' , 'Fashion' ,521,17),
( 'PO264' , 'Navy Blue Mink Fabric Suit with Sequin Net Front' , 'Fashion' ,333,42),
( 'PO265' , 'Faded Navy Blue Suit with White Straight Line Accents' , 'Fashion' ,450,44),
( 'PO266' , 'Black Base Maroon Checks Suit Set' , 'Fashion' ,390,38),
( 'PO267' , 'Monochrome Straight Line 2-Piece Suit' , 'Fashion' ,392,29),
( 'PO268' , 'Deep Maroon Geometric Design 3-Piece Suit' , 'Fashion' ,373,34),
( 'PO269' , 'Sky Blue Peak Lapel Suit Set' , 'Fashion' ,667,39),
( 'PO270' , 'Cocoa Brown 3-Piece Suit' , 'Fashion' ,400,29),
( 'PO271' , 'Charcoal Grey Notch Lapel Suit Set' , 'Fashion' ,405,40),
( 'PO272' , 'Wine-Colored 3-Piece Suit' , 'Fashion' ,421,21),
( 'PO273' , 'Bright Grey Geometric Design Suit Set' , 'Fashion' ,722,21),
( 'PO274' , 'Hunter Green Peak Lapel Suit Set' , 'Fashion' ,705,28),
( 'PO275' , 'Maroon Mahotsav Lehenga Set' , 'Fashion' ,767,23),
( 'PO276' , 'Golden Net Lehenga Set with Sequin and Zardozi Embellishments' , 'Fashion' ,343,32),
( 'PO277' , 'Rani Pink Lehenga Set with Zari Work' , 'Fashion' ,797,28),
( 'PO278' , 'Black Mink Fabric 2-Piece Suit with Satin Shawl Collar' , 'Fashion' ,727,40),
( 'PO279' , 'Purple 2-piece Suit with Notch Lapel Collar' , 'Fashion' ,544,15),
( 'PO280' , 'Celeste Georgette Jacket with Standing Collar' , 'Fashion' ,621,42),
( 'PO281' , 'Couture Pleated Net White Beads and Sequins Umbrella Lehenga Set' , 'Fashion' ,750,21),
( 'PO282' , 'Red Tissue Circular Lehenga Set' , 'Fashion' ,752,11),
( 'PO283' , 'Red Raw Silk Kali Lehenga Set' , 'Fashion' ,553,36),
( 'PO284' , 'Navy Blue Anarkali Suit with Intricate Embroidery' , 'Fashion' ,573,24),
( 'PO285' , 'Baby Pink Sequin and Bead Embellished Sherwani' , 'Fashion' ,317,23),
( 'PO286' , 'Yellow Cotton Chikankari Jacket' , 'Fashion' ,797,26),
( 'PO287' , 'Navy Blue Net Embellished Sherwani' , 'Fashion' ,608,24),
( 'PO288' , 'Mint Green Georgette Chikankari Jacket' , 'Fashion' ,611,36),
( 'PO289' , 'Sky Blue Georgette Kurta' , 'Fashion' ,645,15),
( 'PO290' , 'Pink Cream Georgette Kurta' , 'Fashion' ,504,42),
( 'PO291' , 'Red Suiting Blazer with Black Thread Design' , 'Fashion' ,626,33),
( 'PO292' , 'Pastel Pink Crepe Suit' , 'Fashion' ,408,13),
( 'PO293' , 'Navy Blue Feather Design Blazer' , 'Fashion' ,445,23),
( 'PO294' , 'Royal Pista Green Strap Kurti' , 'Fashion' ,795,38),
( 'PO295' , 'Yellow Kurti with White Beads and Mirror Detailing' , 'Fashion' ,481,21),
( 'PO296' , 'Red Sweetheart Neck Sleeveless Dress' , 'Fashion' ,516,37),
( 'PO297' , 'Off-White Sherwani with White Trends Embroidery' , 'Fashion' ,372,10),
( 'PO298' , 'Silk Black Plain Anarkali with Golden Zari Border' , 'Fashion' ,415,18),
( 'PO299' , 'Yellow Knee-Length Kurta and Pant Set with Sleeveless Grey Jacket' , 'Fashion' ,322,40),
( 'PO300' , 'Yellow Georgette Knee-Length Kurta with Sequins and Thread Work' , 'Fashion' ,327,31),
( 'PO301' , 'Leila Blue Mesh Gown with Full Sequin Work' , 'Fashion' ,370,33),
( 'PO302' , 'Maroon Mesh Gown with Full Sequin Work and One-Shoulder Design' , 'Fashion' ,465,43),
( 'PO303' , 'Silver Mesh Gown with' , 'Fashion' ,437,26)

select *from product_data
select 
a.Product_id,
a.product_name,
a.total_stok,
b.total_sold,
a.total_stok-b.total_sold Remaing_stok
from
(select product_id,product_name,stok as total_stok from product_data
order by product_id asc)a
inner join
(select product_id,sum(quantity) as Total_sold from items
group by product_id
order by product_id asc)b
on a.product_id=b.product_id
-- 
/*select
a.product_id,
a.product_name,
a.stok,
b.total_sold
from
(select product_id,product_name,stok from product_data)a
inner join
(select product_id,sum(quantity) as total_sold from items
group by product_id)b
on a.product_id=b.product_id
order by a.product_id asc*/

create table payments
(
payment_id int,
order_id int,
payment_date date,
amount int,
payment_method varchar(255)
)
insert into payments
(payment_id,order_id,payment_date,amount,payment_method)
values
(1111838,1987287, '2025-03-30' ,2001, 'COD' ),
(1111554,1348584, '2025-03-31' ,3635, 'COD' ),
(1111189,1138620, '2025-04-01' ,1365, 'bikash' ),
(1111413,1456782, '2025-04-02' ,1863, 'COD' ),
(1111444,1769977, '2025-04-03' ,137155, 'COD' ),
(1111131,1781006, '2025-04-04' ,2880, 'COD' ),
(1111752,1089834, '2025-04-05' ,1220, 'COD' ),
(1111546,1761876, '2025-04-06' ,2765, 'COD' ),
(1111991,1881933, '2025-04-07' ,304, 'bikash' ),
(1111503,1566958, '2025-04-08' ,292, 'bikash' ),
(1111950,1844794, '2025-04-09' ,1854, 'COD' ),
(1111536,1773336, '2025-04-10' ,752, 'bikash' ),
(1111935,1979579, '2025-04-11' ,46564, 'COD' ),
(1111195,1507970, '2025-04-12' ,2780, 'COD' ),
(1111729,1511495, '2025-04-13' ,2160, 'COD' ),
(1111697,1076751, '2025-04-14' ,18696, 'COD' ),
(1111691,1452332, '2025-04-15' ,2444, 'COD' ),
(1111471,1146861, '2025-04-16' ,2424, 'COD' ),
(1111498,1898424, '2025-04-17' ,1150, 'COD' ),
(1111880,1031957, '2025-04-18' ,608, 'bikash' ),
(1111427,1737893, '2025-04-19' ,56680, 'COD' ),
(1111267,1509154, '2025-04-20' ,125348, 'COD' ),
(1111596,1229324, '2025-04-21' ,62776, 'COD' ),
(1111826,1116132, '2025-04-22' ,481, 'COD' ),
(1111744,1053838, '2025-04-23' ,521, 'COD' ),
(1111517,1727811, '2025-04-24' ,720, 'bikash' ),
(1111690,1161601, '2025-04-25' ,2888, 'COD' ),
(1111752,1159568, '2025-04-26' ,3130, 'COD' ),
(1111994,1488900, '2025-04-27' ,213, 'bikash' ),
(1111919,1867476, '2025-04-28' ,1895, 'bikash' ),
(1111214,1176011, '2025-04-29' ,822, 'bikash' ),
(1111360,1713006, '2025-04-30' ,1216, 'bikash' ),
(1111726,1843948, '2025-05-01' ,307, 'bikash' ),
(1111901,1012499, '2025-05-02' ,2756, 'COD' ),
(1111183,1028429, '2025-05-03' ,20818, 'COD' ),
(1111972,1358397, '2025-05-04' ,16862, 'COD' ),
(1111244,1835729, '2025-05-05' ,43881, 'COD' ),
(1111262,1880799, '2025-05-06' ,808, 'COD' ),
(1111574,1843765, '2025-05-07' ,30502, 'COD' ),
(1111159,1191365, '2025-05-08' ,1125, 'bikash' ),
(1111719,1711083, '2025-05-09' ,1308, 'bikash' ),
(1111978,1808957, '2025-05-10' ,2472, 'COD' ),
(1111562,1050228, '2025-05-11' ,141, 'bikash' ),
(1111322,1158411, '2025-05-12' ,1318, 'COD' ),
(1111557,1426031, '2025-05-13' ,576, 'bikash' ),
(1111137,1648279, '2025-05-14' ,21117, 'COD' ),
(1111119,1892201, '2025-05-15' ,383, 'bikash' ),
(1111999,1612625, '2025-05-16' ,1588, 'COD' ),
(1111400,1189889, '2025-05-17' ,288, 'bikash' ),
(1111637,1504538, '2025-05-18' ,3760, 'COD' ),
(1111544,1078655, '2025-05-19' ,2580, 'COD' ),
(1111784,1202071, '2025-05-20' ,24240, 'COD' ),
(1111670,1574696, '2025-05-21' ,73135, 'COD' ),
(1111537,1256070, '2025-05-22' ,2256, 'COD' ),
(1111903,1796676, '2025-05-23' ,3975, 'COD' ),
(1111874,1092933, '2025-05-24' ,1310, 'bikash' ),
(1111548,1983413, '2025-05-25' ,16240, 'COD' ),
(1111960,1463734, '2025-05-26' ,3690, 'COD' ),
(1111561,1981821, '2025-05-27' ,195615, 'COD' ),
(1111875,1938711, '2025-05-28' ,376, 'bikash' ),
(1111830,1906566, '2025-05-29' ,15251, 'COD' ),
(1111765,1435601, '2025-05-30' ,6345, 'COD' ),
(1111881,1686199, '2025-05-31' ,742, 'bikash' ),
(1111699,1749232, '2025-06-01' ,1334, 'COD' ),
(1111159,1740723, '2025-06-02' ,63351, 'COD' ),
(1111949,1586347, '2025-06-03' ,630, 'bikash' ),
(1111888,1996525, '2025-06-04' ,78696, 'COD' ),
(1111116,1278294, '2025-06-05' ,1048, 'bikash' ),
(1111867,1221446, '2025-06-06' ,528, 'bikash' ),
(1111650,1911126, '2025-06-07' ,49748, 'COD' ),
(1111733,1878498, '2025-06-08' ,3985, 'COD' ),
(1111694,1223917, '2025-06-09' ,671, 'COD' ),
(1111564,1453686, '2025-06-10' ,450, 'bikash' ),
(1111170,1599178, '2025-06-11' ,752, 'bikash' ),
(1111584,1558325, '2025-06-12' ,621, 'COD' ),
(1111765,1683720, '2025-06-13' ,610, 'COD' ),
(1111526,1363931, '2025-06-14' ,92816, 'COD' ),
(1111427,1358352, '2025-06-15' ,1504, 'bikash' ),
(1111126,1967856, '2025-06-16' ,3535, 'COD' ),
(1111145,1456632, '2025-06-17' ,1504, 'bikash' ),
(1111291,1077485, '2025-06-18' ,2880, 'COD' ),
(1111673,1026067, '2025-06-19' ,2214, 'COD' ),
(1111160,1759946, '2025-06-20' ,10875, 'COD' ),
(1111319,1691935, '2025-06-21' ,960, 'bikash' ),
(1111455,1895327, '2025-06-22' ,189340, 'COD' ),
(1111753,1692090, '2025-06-23' ,1212, 'COD' ),
(1111272,1950229, '2025-06-24' ,1150, 'COD' ),
(1111594,1110764, '2025-06-25' ,707, 'COD' ),
(1111258,1355113, '2025-06-26' ,1448, 'bikash' ),
(1111365,1379696, '2025-06-27' ,400, 'bikash' ),
(1111631,1389534, '2025-06-28' ,150, 'bikash' ),
(1111361,1035946, '2025-06-29' ,921, 'bikash' ),
(1111128,1287853, '2025-06-30' ,1824, 'COD' ),
(1111759,1369937, '2025-07-01' ,1060, 'bikash' ),
(1111330,1785937, '2025-07-02' ,63162, 'COD' ),
(1111323,1954017, '2025-07-03' ,524, 'bikash' ),
(1111299,1461502, '2025-07-04' ,10784, 'COD' ),
(1111512,1554716, '2025-07-05' ,2952, 'COD' ),
(1111944,1823695, '2025-07-06' ,30502, 'COD' ),
(1111255,1982916, '2025-07-07' ,222, 'bikash' ),
(1111726,1274322, '2025-07-08' ,572, 'bikash' ),
(1111193,1191206, '2025-07-09' ,1635, 'bikash' ),
(1111487,1622306, '2025-07-10' ,924, 'bikash' ),
(1111714,1996986, '2025-07-11' ,1779, 'COD' ),
(1111820,1573614, '2025-07-12' ,1195, 'bikash' ),
(1111239,1087155, '2025-07-13' ,600, 'bikash' ),
(1111331,1089542, '2025-07-14' ,1594, 'COD' ),
(1111944,1294183, '2025-07-15' ,3600, 'COD' ),
(1111628,1934184, '2025-07-16' ,951, 'bikash' ),
(1111366,1304758, '2025-07-17' ,912, 'bikash' ),
(1111152,1579082, '2025-07-18' ,1860, 'COD' ),
(1111136,1991402, '2025-07-19' ,752, 'bikash' ),
(1111116,1299495, '2025-07-20' ,307, 'bikash' ),
(1111294,1679881, '2025-07-21' ,1155, 'bikash' ),
(1111575,1248213, '2025-07-22' ,93128, 'COD' ),
(1111981,1877133, '2025-07-23' ,178210, 'COD' ),
(1111667,1061762, '2025-07-24' ,37650, 'COD' ),
(1111338,1891708, '2025-07-25' ,144210, 'COD' ),
(1111824,1236122, '2025-07-26' ,2216, 'COD' ),
(1111931,1644261, '2025-07-27' ,244, 'bikash' ),
(1111847,1387984, '2025-07-28' ,555, 'bikash' ),
(1111985,1912940, '2025-07-29' ,1516, 'bikash' ),
(1111255,1727742, '2025-07-30' ,2250, 'COD' ),
(1111600,1699426, '2025-07-31' ,516, 'COD' ),
(1111808,1918715, '2025-08-01' ,1072, 'bikash' ),
(1111454,1532002, '2025-08-02' ,85998, 'COD' ),
(1111514,1405238, '2025-08-03' ,468, 'bikash' ),
(1111179,1286930, '2025-08-04' ,213, 'bikash' ),
(1111599,1639808, '2025-08-05' ,252, 'bikash' ),
(1111825,1383421, '2025-08-06' ,1716, 'COD' ),
(1111491,1036590, '2025-08-07' ,746, 'bikash' ),
(1111374,1033265, '2025-08-08' ,62185, 'COD' ),
(1111827,1857080, '2025-08-09' ,1780, 'COD' ),
(1111192,1652570, '2025-08-10' ,1563, 'COD' ),
(1111321,1590394, '2025-08-11' ,634, 'bikash' ),
(1111329,1208098, '2025-08-12' ,14114, 'COD' ),
(1111402,1976588, '2025-08-13' ,900, 'COD' ),
(1111510,1524259, '2025-08-14' ,28842, 'COD' ),
(1111260,1599904, '2025-08-15' ,1824, 'COD' ),
(1111387,1573245, '2025-08-16' ,951, 'bikash' ),
(1111419,1559881, '2025-08-17' ,146855, 'COD' ),
(1111969,1493500, '2025-08-18' ,334, 'bikash' ),
(1111994,1542166, '2025-08-19' ,47210, 'COD' ),
(1111143,1305411, '2025-08-20' ,1365, 'bikash' ),
(1111442,1933075, '2025-08-21' ,848, 'bikash' ),
(1111776,1329927, '2025-08-22' ,1600, 'bikash' ),
(1111123,1990473, '2025-08-23' ,6633, 'COD' ),
(1111951,1531861, '2025-08-24' ,3475, 'COD' ),
(1111145,1746077, '2025-08-25' ,24360, 'COD' ),
(1111783,1322164, '2025-08-26' ,516, 'COD' ),
(1111638,1182279, '2025-08-27' ,874, 'COD' ),
(1111748,1831279, '2025-08-28' ,608, 'COD' ),
(1111806,1074332, '2025-08-29' ,8431, 'COD' ),
(1111150,1786237, '2025-08-30' ,2040, 'COD' ),
(1111237,1891200, '2025-08-31' ,76255, 'COD' ),
(1111812,1005996, '2025-09-01' ,2225, 'COD' ),
(1111530,1753098, '2025-09-02' ,610, 'COD' ),
(1111894,1842662, '2025-09-03' ,1096, 'bikash' ),
(1111359,1018868, '2025-09-04' ,776, 'bikash' ),
(1111392,1809115, '2025-09-05' ,40400, 'COD' ),
(1111147,1184013, '2025-09-06' ,1810, 'bikash' ),
(1111343,1205549, '2025-09-07' ,47210, 'COD' ),
(1111920,1968843, '2025-09-08' ,1215, 'COD' ),
(1111466,1688883, '2025-09-09' ,3975, 'COD' ),
(1111317,1115021, '2025-09-10' ,3267, 'COD' ),
(1111650,1138791, '2025-09-11' ,948, 'bikash' ),
(1111921,1977247, '2025-09-12' ,536, 'bikash' ),
(1111458,1040743, '2025-09-13' ,23605, 'COD' ),
(1111524,1977188, '2025-09-14' ,3835, 'COD' ),
(1111529,1954995, '2025-09-15' ,450, 'bikash' ),
(1111466,1129109, '2025-09-16' ,1443, 'COD' ),
(1111184,1865402, '2025-09-17' ,415, 'COD' ),
(1111978,1202636, '2025-09-18' ,69932, 'COD' ),
(1111899,1878625, '2025-09-19' ,740, 'bikash' ),
(1111262,1135334, '2025-09-20' ,689, 'COD' ),
(1111929,1304765, '2025-09-21' ,795, 'COD' ),
(1111341,1304092, '2025-09-22' ,392, 'bikash' ),
(1111530,1713262, '2025-09-23' ,188, 'bikash' ),
(1111170,1952774, '2025-09-24' ,316, 'bikash' ),
(1111439,1828254, '2025-09-25' ,1220, 'bikash' ),
(1111918,1839593, '2025-09-26' ,3090, 'COD' ),
(1111494,1126211, '2025-09-27' ,876, 'bikash' ),
(1111804,1767118, '2025-09-28' ,92816, 'COD' ),
(1111554,1661611, '2025-09-29' ,1504, 'bikash' ),
(1111946,1821905, '2025-09-30' ,1236, 'COD' ),
(1111759,1399244, '2025-10-01' ,744, 'bikash' ),
(1111262,1107303, '2025-10-02' ,152, 'bikash' ),
(1111217,1552139, '2025-10-03' ,575, 'COD' ),
(1111640,1145856, '2025-10-04' ,72804, 'COD' ),
(1111300,1950613, '2025-10-05' ,288, 'bikash' ),
(1111480,1441300, '2025-10-06' ,1525, 'bikash' ),
(1111646,1822993, '2025-10-07' ,2382, 'COD' ),
(1111864,1495498, '2025-10-08' ,298, 'bikash' ),
(1111637,1724738, '2025-10-09' ,1475, 'bikash' ),
(1111169,1541063, '2025-10-10' ,1308, 'bikash' ),
(1111545,1197992, '2025-10-11' ,2952, 'COD' ),
(1111990,1299419, '2025-10-12' ,745, 'bikash' ),
(1111929,1184029, '2025-10-13' ,705, 'bikash' ),
(1111556,1651106, '2025-10-14' ,640, 'bikash' )
select *from payments
select 
payment_method,
sum(amount)Total_amount 
from payments
group by payment_method